Agency,NameCity,depotGglCountryAscii,depotGglAddressAscii,depotGglLat,depotGglLong,Order,disasterGglCountryAscii,disasterGglAddressAscii,disasterGglLat,disasterGglLong,Distance_km,DrivingTime_h
FEMA,San Francisco,United States,"San Francisco , United States",37.7749295,-122.4194155,0,"Sacramento , United States",United States,38.5815719,-121.4943996,141.0,1.0
FEMA,San Francisco,United States,"San Francisco , United States",37.7749295,-122.4194155,0,"Carson City , United States",United States,39.1637984,-119.7674034,347.0,3.0
FEMA,San Francisco,United States,"San Francisco , United States",37.7749295,-122.4194155,0,"Olympia , United States",United States,47.0378741,-122.9006951,1204.0,11.0
FEMA,San Francisco,United States,"San Francisco , United States",37.7749295,-122.4194155,0,"Salem , United States",United States,42.51954,-70.8967155,5018.0,45.0
FEMA,San Francisco,United States,"San Francisco , United States",37.7749295,-122.4194155,0,"Austin , United States",United States,30.267153,-97.7430608,2837.0,25.0
FEMA,San Francisco,United States,"San Francisco , United States",37.7749295,-122.4194155,0,"Helena , United States",United States,46.5883707,-112.0245054,1765.0,16.0
FEMA,San Francisco,United States,"San Francisco , United States",37.7749295,-122.4194155,0,"Montgomery , United States",United States,32.3668052,-86.2999689,3824.0,35.0
FEMA,San Francisco,United States,"San Francisco , United States",37.7749295,-122.4194155,0,"Phoenix , United States",United States,33.4483771,-112.0740373,1213.0,11.0
FEMA,San Francisco,United States,"San Francisco , United States",37.7749295,-122.4194155,0,"Tallahassee , United States",United States,30.4382559,-84.2807329,4249.0,37.0
FEMA,San Francisco,United States,"San Francisco , United States",37.7749295,-122.4194155,0,"Raleigh , United States",United States,35.7795897,-78.6381787,4571.0,41.0
FEMA,San Francisco,United States,"San Francisco , United States",37.7749295,-122.4194155,0,"Springfield , United States",United States,42.1014831,-72.589811,4856.0,44.0
FEMA,San Francisco,United States,"San Francisco , United States",37.7749295,-122.4194155,0,"Charleston , United States",United States,32.7764749,-79.9310512,4470.0,40.0
FEMA,San Francisco,United States,"San Francisco , United States",37.7749295,-122.4194155,0,"Bismarck , United States",United States,46.8083268,-100.7837392,2537.0,23.0
FEMA,San Francisco,United States,"San Francisco , United States",37.7749295,-122.4194155,0,"Jefferson City , United States",United States,38.5767017,-92.1735164,3157.0,28.0
FEMA,San Francisco,United States,"San Francisco , United States",37.7749295,-122.4194155,0,"Albany , United States",United States,42.6525793,-73.7562317,4723.0,42.0
FEMA,San Francisco,United States,"San Francisco , United States",37.7749295,-122.4194155,0,"Juneau , United States",United States,58.3019444,-134.4197221,4048.0,51.0
FEMA,San Francisco,United States,"San Francisco , United States",37.7749295,-122.4194155,0,"Harrisburg , United States",United States,40.2731911,-76.8867008,4465.0,40.0
FEMA,San Francisco,United States,"San Francisco , United States",37.7749295,-122.4194155,0,"Pierre , United States",United States,44.3683156,-100.3509665,2496.0,22.0
FEMA,San Francisco,United States,"San Francisco , United States",37.7749295,-122.4194155,0,"Annapolis , United States",United States,38.9784453,-76.4921829,4568.0,41.0
FEMA,San Francisco,United States,"San Francisco , United States",37.7749295,-122.4194155,0,"Concord , United States",United States,43.2081366,-71.5375718,4955.0,45.0
FEMA,San Francisco,United States,"San Francisco , United States",37.7749295,-122.4194155,0,"Trenton , United States",United States,40.2170534,-74.7429384,4660.0,42.0
FEMA,San Francisco,United States,"San Francisco , United States",37.7749295,-122.4194155,0,"Honolulu , United States",United States,21.3069444,-157.8583333,1000000.0,1000000.0
FEMA,San Francisco,United States,"San Francisco , United States",37.7749295,-122.4194155,0,"Madison , United States",United States,43.0730517,-89.4012302,3368.0,30.0
FEMA,San Francisco,United States,"San Francisco , United States",37.7749295,-122.4194155,0,"Nashville , United States",United States,36.1626638,-86.7816016,3706.0,33.0
FEMA,San Francisco,United States,"San Francisco , United States",37.7749295,-122.4194155,0,"Des Moines , United States",United States,41.6005448,-93.6091064,2896.0,25.0
FEMA,San Francisco,United States,"San Francisco , United States",37.7749295,-122.4194155,0,"Atlanta , United States",United States,33.7489954,-84.3879824,3980.0,36.0
FEMA,San Francisco,United States,"San Francisco , United States",37.7749295,-122.4194155,0,"Saint Paul , United States",United States,44.9537029,-93.0899578,3178.0,28.0
FEMA,San Francisco,United States,"San Francisco , United States",37.7749295,-122.4194155,0,"Columbus , United States",United States,39.9611755,-82.9987942,3944.0,35.0
FEMA,San Francisco,United States,"San Francisco , United States",37.7749295,-122.4194155,0,"Oklahoma City , United States",United States,35.4675602,-97.5164276,2618.0,23.0
FEMA,San Francisco,United States,"San Francisco , United States",37.7749295,-122.4194155,0,"Frankfort , United States",United States,38.2009055,-84.8732835,3804.0,34.0
FEMA,San Francisco,United States,"San Francisco , United States",37.7749295,-122.4194155,0,"Topeka , United States",United States,39.0558235,-95.6890185,2867.0,25.0
FEMA,San Francisco,United States,"San Francisco , United States",37.7749295,-122.4194155,0,"Denver , United States",United States,39.7392358,-104.990251,2018.0,18.0
FEMA,San Francisco,United States,"San Francisco , United States",37.7749295,-122.4194155,0,"Jackson , United States",United States,32.2987573,-90.1848103,3436.0,31.0
FEMA,San Francisco,United States,"San Francisco , United States",37.7749295,-122.4194155,0,"Washington D.C. , United States",United States,38.9071923,-77.0368707,4534.0,41.0
FEMA,San Francisco,United States,"San Francisco , United States",37.7749295,-122.4194155,0,"Baton Rouge , United States",United States,30.4582829,-91.1403196,3546.0,31.0
FEMA,San Francisco,United States,"San Francisco , United States",37.7749295,-122.4194155,0,"Richmond , United States",United States,37.5407246,-77.4360481,4623.0,41.0
FEMA,San Francisco,United States,"San Francisco , United States",37.7749295,-122.4194155,0,"Boston , United States",United States,42.3600825,-71.0588801,4988.0,45.0
FEMA,San Francisco,United States,"San Francisco , United States",37.7749295,-122.4194155,0,"Hartford , United States",United States,41.7637111,-72.6850932,4840.0,43.0
FEMA,San Francisco,United States,"San Francisco , United States",37.7749295,-122.4194155,0,"Providence , United States",United States,41.8239891,-71.4128343,4964.0,45.0
FEMA,San Francisco,United States,"San Francisco , United States",37.7749295,-122.4194155,0,"Lincoln , United States",United States,40.8257625,-96.6851982,2601.0,23.0
FEMA,San Francisco,United States,"San Francisco , United States",37.7749295,-122.4194155,0,"Little Rock , United States",United States,34.7464809,-92.2895948,3160.0,28.0
FEMA,San Francisco,United States,"San Francisco , United States",37.7749295,-122.4194155,0,"Augusta , United States",United States,33.4734978,-82.0105148,4212.0,38.0
FEMA,San Francisco,United States,"San Francisco , United States",37.7749295,-122.4194155,0,"Columbia , United States",United States,34.0007104,-81.0348144,4323.0,39.0
FEMA,San Francisco,United States,"San Francisco , United States",37.7749295,-122.4194155,0,"Lansing , United States",United States,42.732535,-84.5555347,3755.0,33.0
FEMA,San Francisco,United States,"San Francisco , United States",37.7749295,-122.4194155,0,"Cheyenne , United States",United States,41.1399814,-104.8202462,1888.0,17.0
FEMA,San Francisco,United States,"San Francisco , United States",37.7749295,-122.4194155,0,"Indianapolis , United States",United States,39.768403,-86.158068,3662.0,32.0
FEMA,San Francisco,United States,"San Francisco , United States",37.7749295,-122.4194155,0,"Salt Lake City , United States",United States,40.7607793,-111.8910474,1184.0,10.0
FEMA,San Francisco,United States,"San Francisco , United States",37.7749295,-122.4194155,0,"None , United States",United States,34.1657949,-118.3462545,598.0,5.0
FEMA,San Francisco,United States,"San Francisco , United States",37.7749295,-122.4194155,0,"Santa Fe , United States",United States,35.6869752,-105.937799,1846.0,16.0
FEMA,Dallas,United States,"Dallas , United States",32.7766642,-96.7969879,1,"Sacramento , United States",United States,38.5815719,-121.4943996,2778.0,25.0
FEMA,Dallas,United States,"Dallas , United States",32.7766642,-96.7969879,1,"Carson City , United States",United States,39.1637984,-119.7674034,2652.0,24.0
FEMA,Dallas,United States,"Dallas , United States",32.7766642,-96.7969879,1,"Olympia , United States",United States,47.0378741,-122.9006951,3444.0,31.0
FEMA,Dallas,United States,"Dallas , United States",32.7766642,-96.7969879,1,"Salem , United States",United States,42.51954,-70.8967155,2864.0,26.0
FEMA,Dallas,United States,"Dallas , United States",32.7766642,-96.7969879,1,"Austin , United States",United States,30.267153,-97.7430608,313.0,2.0
FEMA,Dallas,United States,"Dallas , United States",32.7766642,-96.7969879,1,"Helena , United States",United States,46.5883707,-112.0245054,2548.0,23.0
FEMA,Dallas,United States,"Dallas , United States",32.7766642,-96.7969879,1,"Montgomery , United States",United States,32.3668052,-86.2999689,1040.0,9.0
FEMA,Dallas,United States,"Dallas , United States",32.7766642,-96.7969879,1,"Phoenix , United States",United States,33.4483771,-112.0740373,1712.0,15.0
FEMA,Dallas,United States,"Dallas , United States",32.7766642,-96.7969879,1,"Tallahassee , United States",United States,30.4382559,-84.2807329,1344.0,12.0
FEMA,Dallas,United States,"Dallas , United States",32.7766642,-96.7969879,1,"Raleigh , United States",United States,35.7795897,-78.6381787,1908.0,17.0
FEMA,Dallas,United States,"Dallas , United States",32.7766642,-96.7969879,1,"Springfield , United States",United States,42.1014831,-72.589811,2716.0,25.0
FEMA,Dallas,United States,"Dallas , United States",32.7766642,-96.7969879,1,"Charleston , United States",United States,32.7764749,-79.9310512,1748.0,15.0
FEMA,Dallas,United States,"Dallas , United States",32.7766642,-96.7969879,1,"Bismarck , United States",United States,46.8083268,-100.7837392,1827.0,17.0
FEMA,Dallas,United States,"Dallas , United States",32.7766642,-96.7969879,1,"Jefferson City , United States",United States,38.5767017,-92.1735164,888.0,8.0
FEMA,Dallas,United States,"Dallas , United States",32.7766642,-96.7969879,1,"Albany , United States",United States,42.6525793,-73.7562317,2657.0,24.0
FEMA,Dallas,United States,"Dallas , United States",32.7766642,-96.7969879,1,"Juneau , United States",United States,58.3019444,-134.4197221,5364.0,62.0
FEMA,Dallas,United States,"Dallas , United States",32.7766642,-96.7969879,1,"Harrisburg , United States",United States,40.2731911,-76.8867008,2225.0,20.0
FEMA,Dallas,United States,"Dallas , United States",32.7766642,-96.7969879,1,"Pierre , United States",United States,44.3683156,-100.3509665,1505.0,14.0
FEMA,Dallas,United States,"Dallas , United States",32.7766642,-96.7969879,1,"Annapolis , United States",United States,38.9784453,-76.4921829,2200.0,20.0
FEMA,Dallas,United States,"Dallas , United States",32.7766642,-96.7969879,1,"Concord , United States",United States,43.2081366,-71.5375718,2915.0,26.0
FEMA,Dallas,United States,"Dallas , United States",32.7766642,-96.7969879,1,"Trenton , United States",United States,40.2170534,-74.7429384,2410.0,22.0
FEMA,Dallas,United States,"Dallas , United States",32.7766642,-96.7969879,1,"Honolulu , United States",United States,21.3069444,-157.8583333,1000000.0,1000000.0
FEMA,Dallas,United States,"Dallas , United States",32.7766642,-96.7969879,1,"Madison , United States",United States,43.0730517,-89.4012302,1594.0,15.0
FEMA,Dallas,United States,"Dallas , United States",32.7766642,-96.7969879,1,"Nashville , United States",United States,36.1626638,-86.7816016,1068.0,9.0
FEMA,Dallas,United States,"Dallas , United States",32.7766642,-96.7969879,1,"Des Moines , United States",United States,41.6005448,-93.6091064,1124.0,10.0
FEMA,Dallas,United States,"Dallas , United States",32.7766642,-96.7969879,1,"Atlanta , United States",United States,33.7489954,-84.3879824,1257.0,11.0
FEMA,Dallas,United States,"Dallas , United States",32.7766642,-96.7969879,1,"Saint Paul , United States",United States,44.9537029,-93.0899578,1522.0,14.0
FEMA,Dallas,United States,"Dallas , United States",32.7766642,-96.7969879,1,"Columbus , United States",United States,39.9611755,-82.9987942,1676.0,15.0
FEMA,Dallas,United States,"Dallas , United States",32.7766642,-96.7969879,1,"Oklahoma City , United States",United States,35.4675602,-97.5164276,331.0,3.0
FEMA,Dallas,United States,"Dallas , United States",32.7766642,-96.7969879,1,"Frankfort , United States",United States,38.2009055,-84.8732835,1401.0,12.0
FEMA,Dallas,United States,"Dallas , United States",32.7766642,-96.7969879,1,"Topeka , United States",United States,39.0558235,-95.6890185,798.0,7.0
FEMA,Dallas,United States,"Dallas , United States",32.7766642,-96.7969879,1,"Denver , United States",United States,39.7392358,-104.990251,1278.0,11.0
FEMA,Dallas,United States,"Dallas , United States",32.7766642,-96.7969879,1,"Jackson , United States",United States,32.2987573,-90.1848103,652.0,5.0
FEMA,Dallas,United States,"Dallas , United States",32.7766642,-96.7969879,1,"Washington D.C. , United States",United States,38.9071923,-77.0368707,2138.0,19.0
FEMA,Dallas,United States,"Dallas , United States",32.7766642,-96.7969879,1,"Baton Rouge , United States",United States,30.4582829,-91.1403196,692.0,6.0
FEMA,Dallas,United States,"Dallas , United States",32.7766642,-96.7969879,1,"Richmond , United States",United States,37.5407246,-77.4360481,2055.0,18.0
FEMA,Dallas,United States,"Dallas , United States",32.7766642,-96.7969879,1,"Boston , United States",United States,42.3600825,-71.0588801,2835.0,26.0
FEMA,Dallas,United States,"Dallas , United States",32.7766642,-96.7969879,1,"Hartford , United States",United States,41.7637111,-72.6850932,2687.0,24.0
FEMA,Dallas,United States,"Dallas , United States",32.7766642,-96.7969879,1,"Providence , United States",United States,41.8239891,-71.4128343,2782.0,25.0
FEMA,Dallas,United States,"Dallas , United States",32.7766642,-96.7969879,1,"Lincoln , United States",United States,40.8257625,-96.6851982,1030.0,9.0
FEMA,Dallas,United States,"Dallas , United States",32.7766642,-96.7969879,1,"Little Rock , United States",United States,34.7464809,-92.2895948,514.0,4.0
FEMA,Dallas,United States,"Dallas , United States",32.7766642,-96.7969879,1,"Augusta , United States",United States,33.4734978,-82.0105148,1490.0,13.0
FEMA,Dallas,United States,"Dallas , United States",32.7766642,-96.7969879,1,"Columbia , United States",United States,34.0007104,-81.0348144,1601.0,14.0
FEMA,Dallas,United States,"Dallas , United States",32.7766642,-96.7969879,1,"Lansing , United States",United States,42.732535,-84.5555347,1851.0,16.0
FEMA,Dallas,United States,"Dallas , United States",32.7766642,-96.7969879,1,"Cheyenne , United States",United States,41.1399814,-104.8202462,1438.0,13.0
FEMA,Dallas,United States,"Dallas , United States",32.7766642,-96.7969879,1,"Indianapolis , United States",United States,39.768403,-86.158068,1447.0,13.0
FEMA,Dallas,United States,"Dallas , United States",32.7766642,-96.7969879,1,"Salt Lake City , United States",United States,40.7607793,-111.8910474,1999.0,19.0
FEMA,Dallas,United States,"Dallas , United States",32.7766642,-96.7969879,1,"None , United States",United States,34.1657949,-118.3462545,2329.0,20.0
FEMA,Dallas,United States,"Dallas , United States",32.7766642,-96.7969879,1,"Santa Fe , United States",United States,35.6869752,-105.937799,1029.0,9.0
FEMA,Atlanta,United States,"Atlanta , United States",33.7489954,-84.3879824,2,"Sacramento , United States",United States,38.5815719,-121.4943996,3971.0,36.0
FEMA,Atlanta,United States,"Atlanta , United States",33.7489954,-84.3879824,2,"Carson City , United States",United States,39.1637984,-119.7674034,3889.0,35.0
FEMA,Atlanta,United States,"Atlanta , United States",33.7489954,-84.3879824,2,"Olympia , United States",United States,47.0378741,-122.9006951,4345.0,39.0
FEMA,Atlanta,United States,"Atlanta , United States",33.7489954,-84.3879824,2,"Salem , United States",United States,42.51954,-70.8967155,1761.0,16.0
FEMA,Atlanta,United States,"Atlanta , United States",33.7489954,-84.3879824,2,"Austin , United States",United States,30.267153,-97.7430608,1539.0,13.0
FEMA,Atlanta,United States,"Atlanta , United States",33.7489954,-84.3879824,2,"Helena , United States",United States,46.5883707,-112.0245054,3310.0,30.0
FEMA,Atlanta,United States,"Atlanta , United States",33.7489954,-84.3879824,2,"Montgomery , United States",United States,32.3668052,-86.2999689,258.0,2.0
FEMA,Atlanta,United States,"Atlanta , United States",33.7489954,-84.3879824,2,"Phoenix , United States",United States,33.4483771,-112.0740373,2970.0,26.0
FEMA,Atlanta,United States,"Atlanta , United States",33.7489954,-84.3879824,2,"Tallahassee , United States",United States,30.4382559,-84.2807329,420.0,4.0
FEMA,Atlanta,United States,"Atlanta , United States",33.7489954,-84.3879824,2,"Raleigh , United States",United States,35.7795897,-78.6381787,651.0,6.0
FEMA,Atlanta,United States,"Atlanta , United States",33.7489954,-84.3879824,2,"Springfield , United States",United States,42.1014831,-72.589811,1613.0,15.0
FEMA,Atlanta,United States,"Atlanta , United States",33.7489954,-84.3879824,2,"Charleston , United States",United States,32.7764749,-79.9310512,491.0,4.0
FEMA,Atlanta,United States,"Atlanta , United States",33.7489954,-84.3879824,2,"Bismarck , United States",United States,46.8083268,-100.7837392,2502.0,22.0
FEMA,Atlanta,United States,"Atlanta , United States",33.7489954,-84.3879824,2,"Jefferson City , United States",United States,38.5767017,-92.1735164,1103.0,10.0
FEMA,Atlanta,United States,"Atlanta , United States",33.7489954,-84.3879824,2,"Albany , United States",United States,42.6525793,-73.7562317,1614.0,14.0
FEMA,Atlanta,United States,"Atlanta , United States",33.7489954,-84.3879824,2,"Juneau , United States",United States,58.3019444,-134.4197221,6013.0,66.0
FEMA,Atlanta,United States,"Atlanta , United States",33.7489954,-84.3879824,2,"Harrisburg , United States",United States,40.2731911,-76.8867008,1150.0,10.0
FEMA,Atlanta,United States,"Atlanta , United States",33.7489954,-84.3879824,2,"Pierre , United States",United States,44.3683156,-100.3509665,2225.0,19.0
FEMA,Atlanta,United States,"Atlanta , United States",33.7489954,-84.3879824,2,"Annapolis , United States",United States,38.9784453,-76.4921829,1080.0,10.0
FEMA,Atlanta,United States,"Atlanta , United States",33.7489954,-84.3879824,2,"Concord , United States",United States,43.2081366,-71.5375718,1812.0,17.0
FEMA,Atlanta,United States,"Atlanta , United States",33.7489954,-84.3879824,2,"Trenton , United States",United States,40.2170534,-74.7429384,1299.0,12.0
FEMA,Atlanta,United States,"Atlanta , United States",33.7489954,-84.3879824,2,"Honolulu , United States",United States,21.3069444,-157.8583333,1000000.0,1000000.0
FEMA,Atlanta,United States,"Atlanta , United States",33.7489954,-84.3879824,2,"Madison , United States",United States,43.0730517,-89.4012302,1397.0,12.0
FEMA,Atlanta,United States,"Atlanta , United States",33.7489954,-84.3879824,2,"Nashville , United States",United States,36.1626638,-86.7816016,401.0,3.0
FEMA,Atlanta,United States,"Atlanta , United States",33.7489954,-84.3879824,2,"Des Moines , United States",United States,41.6005448,-93.6091064,1450.0,13.0
FEMA,Atlanta,United States,"Atlanta , United States",33.7489954,-84.3879824,2,"Atlanta , United States",United States,33.7489954,-84.3879824,0.0,0.0
FEMA,Atlanta,United States,"Atlanta , United States",33.7489954,-84.3879824,2,"Saint Paul , United States",United States,44.9537029,-93.0899578,1805.0,16.0
FEMA,Atlanta,United States,"Atlanta , United States",33.7489954,-84.3879824,2,"Columbus , United States",United States,39.9611755,-82.9987942,915.0,8.0
FEMA,Atlanta,United States,"Atlanta , United States",33.7489954,-84.3879824,2,"Oklahoma City , United States",United States,35.4675602,-97.5164276,1365.0,12.0
FEMA,Atlanta,United States,"Atlanta , United States",33.7489954,-84.3879824,2,"Frankfort , United States",United States,38.2009055,-84.8732835,655.0,6.0
FEMA,Atlanta,United States,"Atlanta , United States",33.7489954,-84.3879824,2,"Topeka , United States",United States,39.0558235,-95.6890185,1390.0,12.0
FEMA,Atlanta,United States,"Atlanta , United States",33.7489954,-84.3879824,2,"Denver , United States",United States,39.7392358,-104.990251,2259.0,20.0
FEMA,Atlanta,United States,"Atlanta , United States",33.7489954,-84.3879824,2,"Jackson , United States",United States,32.2987573,-90.1848103,613.0,5.0
FEMA,Atlanta,United States,"Atlanta , United States",33.7489954,-84.3879824,2,"Washington D.C. , United States",United States,38.9071923,-77.0368707,1027.0,9.0
FEMA,Atlanta,United States,"Atlanta , United States",33.7489954,-84.3879824,2,"Baton Rouge , United States",United States,30.4582829,-91.1403196,846.0,7.0
FEMA,Atlanta,United States,"Atlanta , United States",33.7489954,-84.3879824,2,"Richmond , United States",United States,37.5407246,-77.4360481,852.0,7.0
FEMA,Atlanta,United States,"Atlanta , United States",33.7489954,-84.3879824,2,"Boston , United States",United States,42.3600825,-71.0588801,1732.0,16.0
FEMA,Atlanta,United States,"Atlanta , United States",33.7489954,-84.3879824,2,"Hartford , United States",United States,41.7637111,-72.6850932,1574.0,14.0
FEMA,Atlanta,United States,"Atlanta , United States",33.7489954,-84.3879824,2,"Providence , United States",United States,41.8239891,-71.4128343,1679.0,15.0
FEMA,Atlanta,United States,"Atlanta , United States",33.7489954,-84.3879824,2,"Lincoln , United States",United States,40.8257625,-96.6851982,1600.0,14.0
FEMA,Atlanta,United States,"Atlanta , United States",33.7489954,-84.3879824,2,"Little Rock , United States",United States,34.7464809,-92.2895948,836.0,7.0
FEMA,Atlanta,United States,"Atlanta , United States",33.7489954,-84.3879824,2,"Augusta , United States",United States,33.4734978,-82.0105148,233.0,2.0
FEMA,Atlanta,United States,"Atlanta , United States",33.7489954,-84.3879824,2,"Columbia , United States",United States,34.0007104,-81.0348144,344.0,3.0
FEMA,Atlanta,United States,"Atlanta , United States",33.7489954,-84.3879824,2,"Lansing , United States",United States,42.732535,-84.5555347,1247.0,11.0
FEMA,Atlanta,United States,"Atlanta , United States",33.7489954,-84.3879824,2,"Cheyenne , United States",United States,41.1399814,-104.8202462,2310.0,21.0
FEMA,Atlanta,United States,"Atlanta , United States",33.7489954,-84.3879824,2,"Indianapolis , United States",United States,39.768403,-86.158068,859.0,7.0
FEMA,Atlanta,United States,"Atlanta , United States",33.7489954,-84.3879824,2,"Salt Lake City , United States",United States,40.7607793,-111.8910474,3014.0,27.0
FEMA,Atlanta,United States,"Atlanta , United States",33.7489954,-84.3879824,2,"None , United States",United States,34.1657949,-118.3462545,3506.0,31.0
FEMA,Atlanta,United States,"Atlanta , United States",33.7489954,-84.3879824,2,"Santa Fe , United States",United States,35.6869752,-105.937799,2223.0,20.0
FEMA,Washington D.C.,United States,"Washington D.C. , United States",38.9071923,-77.0368707,3,"Sacramento , United States",United States,38.5815719,-121.4943996,4390.0,40.0
FEMA,Washington D.C.,United States,"Washington D.C. , United States",38.9071923,-77.0368707,3,"Carson City , United States",United States,39.1637984,-119.7674034,4225.0,38.0
FEMA,Washington D.C.,United States,"Washington D.C. , United States",38.9071923,-77.0368707,3,"Olympia , United States",United States,47.0378741,-122.9006951,4509.0,41.0
FEMA,Washington D.C.,United States,"Washington D.C. , United States",38.9071923,-77.0368707,3,"Salem , United States",United States,42.51954,-70.8967155,733.0,7.0
FEMA,Washington D.C.,United States,"Washington D.C. , United States",38.9071923,-77.0368707,3,"Austin , United States",United States,30.267153,-97.7430608,2450.0,22.0
FEMA,Washington D.C.,United States,"Washington D.C. , United States",38.9071923,-77.0368707,3,"Helena , United States",United States,46.5883707,-112.0245054,3447.0,32.0
FEMA,Washington D.C.,United States,"Washington D.C. , United States",38.9071923,-77.0368707,3,"Montgomery , United States",United States,32.3668052,-86.2999689,1297.0,11.0
FEMA,Washington D.C.,United States,"Washington D.C. , United States",38.9071923,-77.0368707,3,"Phoenix , United States",United States,33.4483771,-112.0740373,3701.0,33.0
FEMA,Washington D.C.,United States,"Washington D.C. , United States",38.9071923,-77.0368707,3,"Tallahassee , United States",United States,30.4382559,-84.2807329,1405.0,12.0
FEMA,Washington D.C.,United States,"Washington D.C. , United States",38.9071923,-77.0368707,3,"Raleigh , United States",United States,35.7795897,-78.6381787,457.0,4.0
FEMA,Washington D.C.,United States,"Washington D.C. , United States",38.9071923,-77.0368707,3,"Springfield , United States",United States,42.1014831,-72.589811,585.0,5.0
FEMA,Washington D.C.,United States,"Washington D.C. , United States",38.9071923,-77.0368707,3,"Charleston , United States",United States,32.7764749,-79.9310512,866.0,8.0
FEMA,Washington D.C.,United States,"Washington D.C. , United States",38.9071923,-77.0368707,3,"Bismarck , United States",United States,46.8083268,-100.7837392,2465.0,22.0
FEMA,Washington D.C.,United States,"Washington D.C. , United States",38.9071923,-77.0368707,3,"Jefferson City , United States",United States,38.5767017,-92.1735164,1518.0,14.0
FEMA,Washington D.C.,United States,"Washington D.C. , United States",38.9071923,-77.0368707,3,"Albany , United States",United States,42.6525793,-73.7562317,584.0,5.0
FEMA,Washington D.C.,United States,"Washington D.C. , United States",38.9071923,-77.0368707,3,"Juneau , United States",United States,58.3019444,-134.4197221,5976.0,66.0
FEMA,Washington D.C.,United States,"Washington D.C. , United States",38.9071923,-77.0368707,3,"Harrisburg , United States",United States,40.2731911,-76.8867008,194.0,2.0
FEMA,Washington D.C.,United States,"Washington D.C. , United States",38.9071923,-77.0368707,3,"Pierre , United States",United States,44.3683156,-100.3509665,2393.0,21.0
FEMA,Washington D.C.,United States,"Washington D.C. , United States",38.9071923,-77.0368707,3,"Annapolis , United States",United States,38.9784453,-76.4921829,51.0,0.0
FEMA,Washington D.C.,United States,"Washington D.C. , United States",38.9071923,-77.0368707,3,"Concord , United States",United States,43.2081366,-71.5375718,784.0,7.0
FEMA,Washington D.C.,United States,"Washington D.C. , United States",38.9071923,-77.0368707,3,"Trenton , United States",United States,40.2170534,-74.7429384,271.0,2.0
FEMA,Washington D.C.,United States,"Washington D.C. , United States",38.9071923,-77.0368707,3,"Honolulu , United States",United States,21.3069444,-157.8583333,1000000.0,1000000.0
FEMA,Washington D.C.,United States,"Washington D.C. , United States",38.9071923,-77.0368707,3,"Madison , United States",United States,43.0730517,-89.4012302,1360.0,12.0
FEMA,Washington D.C.,United States,"Washington D.C. , United States",38.9071923,-77.0368707,3,"Nashville , United States",United States,36.1626638,-86.7816016,1071.0,9.0
FEMA,Washington D.C.,United States,"Washington D.C. , United States",38.9071923,-77.0368707,3,"Des Moines , United States",United States,41.6005448,-93.6091064,1635.0,15.0
FEMA,Washington D.C.,United States,"Washington D.C. , United States",38.9071923,-77.0368707,3,"Atlanta , United States",United States,33.7489954,-84.3879824,1039.0,9.0
FEMA,Washington D.C.,United States,"Washington D.C. , United States",38.9071923,-77.0368707,3,"Saint Paul , United States",United States,44.9537029,-93.0899578,1768.0,16.0
FEMA,Washington D.C.,United States,"Washington D.C. , United States",38.9071923,-77.0368707,3,"Columbus , United States",United States,39.9611755,-82.9987942,646.0,6.0
FEMA,Washington D.C.,United States,"Washington D.C. , United States",38.9071923,-77.0368707,3,"Oklahoma City , United States",United States,35.4675602,-97.5164276,2159.0,19.0
FEMA,Washington D.C.,United States,"Washington D.C. , United States",38.9071923,-77.0368707,3,"Frankfort , United States",United States,38.2009055,-84.8732835,898.0,8.0
FEMA,Washington D.C.,United States,"Washington D.C. , United States",38.9071923,-77.0368707,3,"Topeka , United States",United States,39.0558235,-95.6890185,1805.0,17.0
FEMA,Washington D.C.,United States,"Washington D.C. , United States",38.9071923,-77.0368707,3,"Denver , United States",United States,39.7392358,-104.990251,2674.0,24.0
FEMA,Washington D.C.,United States,"Washington D.C. , United States",38.9071923,-77.0368707,3,"Jackson , United States",United States,32.2987573,-90.1848103,1574.0,14.0
FEMA,Washington D.C.,United States,"Washington D.C. , United States",38.9071923,-77.0368707,3,"Washington D.C. , United States",United States,38.9071923,-77.0368707,0.0,0.0
FEMA,Washington D.C.,United States,"Washington D.C. , United States",38.9071923,-77.0368707,3,"Baton Rouge , United States",United States,30.4582829,-91.1403196,1836.0,16.0
FEMA,Washington D.C.,United States,"Washington D.C. , United States",38.9071923,-77.0368707,3,"Richmond , United States",United States,37.5407246,-77.4360481,185.0,1.0
FEMA,Washington D.C.,United States,"Washington D.C. , United States",38.9071923,-77.0368707,3,"Boston , United States",United States,42.3600825,-71.0588801,704.0,7.0
FEMA,Washington D.C.,United States,"Washington D.C. , United States",38.9071923,-77.0368707,3,"Hartford , United States",United States,41.7637111,-72.6850932,546.0,5.0
FEMA,Washington D.C.,United States,"Washington D.C. , United States",38.9071923,-77.0368707,3,"Providence , United States",United States,41.8239891,-71.4128343,651.0,6.0
FEMA,Washington D.C.,United States,"Washington D.C. , United States",38.9071923,-77.0368707,3,"Lincoln , United States",United States,40.8257625,-96.6851982,1934.0,18.0
FEMA,Washington D.C.,United States,"Washington D.C. , United States",38.9071923,-77.0368707,3,"Little Rock , United States",United States,34.7464809,-92.2895948,1630.0,15.0
FEMA,Washington D.C.,United States,"Washington D.C. , United States",38.9071923,-77.0368707,3,"Augusta , United States",United States,33.4734978,-82.0105148,894.0,8.0
FEMA,Washington D.C.,United States,"Washington D.C. , United States",38.9071923,-77.0368707,3,"Columbia , United States",United States,34.0007104,-81.0348144,780.0,7.0
FEMA,Washington D.C.,United States,"Washington D.C. , United States",38.9071923,-77.0368707,3,"Lansing , United States",United States,42.732535,-84.5555347,946.0,8.0
FEMA,Washington D.C.,United States,"Washington D.C. , United States",38.9071923,-77.0368707,3,"Cheyenne , United States",United States,41.1399814,-104.8202462,2646.0,24.0
FEMA,Washington D.C.,United States,"Washington D.C. , United States",38.9071923,-77.0368707,3,"Indianapolis , United States",United States,39.768403,-86.158068,928.0,9.0
FEMA,Washington D.C.,United States,"Washington D.C. , United States",38.9071923,-77.0368707,3,"Salt Lake City , United States",United States,40.7607793,-111.8910474,3350.0,30.0
FEMA,Washington D.C.,United States,"Washington D.C. , United States",38.9071923,-77.0368707,3,"None , United States",United States,34.1657949,-118.3462545,4300.0,38.0
FEMA,Washington D.C.,United States,"Washington D.C. , United States",38.9071923,-77.0368707,3,"Santa Fe , United States",United States,35.6869752,-105.937799,3017.0,27.0
FEMA,Philadelphia,United States,"Philadelphia , United States",39.9525839,-75.1652215,4,"Sacramento , United States",United States,38.5815719,-121.4943996,4487.0,40.0
FEMA,Philadelphia,United States,"Philadelphia , United States",39.9525839,-75.1652215,4,"Carson City , United States",United States,39.1637984,-119.7674034,4321.0,39.0
FEMA,Philadelphia,United States,"Philadelphia , United States",39.9525839,-75.1652215,4,"Olympia , United States",United States,47.0378741,-122.9006951,4606.0,42.0
FEMA,Philadelphia,United States,"Philadelphia , United States",39.9525839,-75.1652215,4,"Salem , United States",United States,42.51954,-70.8967155,527.0,5.0
FEMA,Philadelphia,United States,"Philadelphia , United States",39.9525839,-75.1652215,4,"Austin , United States",United States,30.267153,-97.7430608,2674.0,24.0
FEMA,Philadelphia,United States,"Philadelphia , United States",39.9525839,-75.1652215,4,"Helena , United States",United States,46.5883707,-112.0245054,3543.0,32.0
FEMA,Philadelphia,United States,"Philadelphia , United States",39.9525839,-75.1652215,4,"Montgomery , United States",United States,32.3668052,-86.2999689,1512.0,14.0
FEMA,Philadelphia,United States,"Philadelphia , United States",39.9525839,-75.1652215,4,"Phoenix , United States",United States,33.4483771,-112.0740373,3770.0,34.0
FEMA,Philadelphia,United States,"Philadelphia , United States",39.9525839,-75.1652215,4,"Tallahassee , United States",United States,30.4382559,-84.2807329,1620.0,14.0
FEMA,Philadelphia,United States,"Philadelphia , United States",39.9525839,-75.1652215,4,"Raleigh , United States",United States,35.7795897,-78.6381787,672.0,6.0
FEMA,Philadelphia,United States,"Philadelphia , United States",39.9525839,-75.1652215,4,"Springfield , United States",United States,42.1014831,-72.589811,379.0,3.0
FEMA,Philadelphia,United States,"Philadelphia , United States",39.9525839,-75.1652215,4,"Charleston , United States",United States,32.7764749,-79.9310512,1081.0,10.0
FEMA,Philadelphia,United States,"Philadelphia , United States",39.9525839,-75.1652215,4,"Bismarck , United States",United States,46.8083268,-100.7837392,2561.0,23.0
FEMA,Philadelphia,United States,"Philadelphia , United States",39.9525839,-75.1652215,4,"Jefferson City , United States",United States,38.5767017,-92.1735164,1626.0,15.0
FEMA,Philadelphia,United States,"Philadelphia , United States",39.9525839,-75.1652215,4,"Albany , United States",United States,42.6525793,-73.7562317,377.0,3.0
FEMA,Philadelphia,United States,"Philadelphia , United States",39.9525839,-75.1652215,4,"Juneau , United States",United States,58.3019444,-134.4197221,6072.0,67.0
FEMA,Philadelphia,United States,"Philadelphia , United States",39.9525839,-75.1652215,4,"Harrisburg , United States",United States,40.2731911,-76.8867008,171.0,1.0
FEMA,Philadelphia,United States,"Philadelphia , United States",39.9525839,-75.1652215,4,"Pierre , United States",United States,44.3683156,-100.3509665,2489.0,22.0
FEMA,Philadelphia,United States,"Philadelphia , United States",39.9525839,-75.1652215,4,"Annapolis , United States",United States,38.9784453,-76.4921829,206.0,2.0
FEMA,Philadelphia,United States,"Philadelphia , United States",39.9525839,-75.1652215,4,"Concord , United States",United States,43.2081366,-71.5375718,578.0,5.0
FEMA,Philadelphia,United States,"Philadelphia , United States",39.9525839,-75.1652215,4,"Trenton , United States",United States,40.2170534,-74.7429384,53.0,0.0
FEMA,Philadelphia,United States,"Philadelphia , United States",39.9525839,-75.1652215,4,"Honolulu , United States",United States,21.3069444,-157.8583333,1000000.0,1000000.0
FEMA,Philadelphia,United States,"Philadelphia , United States",39.9525839,-75.1652215,4,"Madison , United States",United States,43.0730517,-89.4012302,1456.0,13.0
FEMA,Philadelphia,United States,"Philadelphia , United States",39.9525839,-75.1652215,4,"Nashville , United States",United States,36.1626638,-86.7816016,1294.0,12.0
FEMA,Philadelphia,United States,"Philadelphia , United States",39.9525839,-75.1652215,4,"Des Moines , United States",United States,41.6005448,-93.6091064,1731.0,16.0
FEMA,Philadelphia,United States,"Philadelphia , United States",39.9525839,-75.1652215,4,"Atlanta , United States",United States,33.7489954,-84.3879824,1254.0,11.0
FEMA,Philadelphia,United States,"Philadelphia , United States",39.9525839,-75.1652215,4,"Saint Paul , United States",United States,44.9537029,-93.0899578,1864.0,17.0
FEMA,Philadelphia,United States,"Philadelphia , United States",39.9525839,-75.1652215,4,"Columbus , United States",United States,39.9611755,-82.9987942,754.0,7.0
FEMA,Philadelphia,United States,"Philadelphia , United States",39.9525839,-75.1652215,4,"Oklahoma City , United States",United States,35.4675602,-97.5164276,2226.0,20.0
FEMA,Philadelphia,United States,"Philadelphia , United States",39.9525839,-75.1652215,4,"Frankfort , United States",United States,38.2009055,-84.8732835,1066.0,9.0
FEMA,Philadelphia,United States,"Philadelphia , United States",39.9525839,-75.1652215,4,"Topeka , United States",United States,39.0558235,-95.6890185,1913.0,17.0
FEMA,Philadelphia,United States,"Philadelphia , United States",39.9525839,-75.1652215,4,"Denver , United States",United States,39.7392358,-104.990251,2782.0,25.0
FEMA,Philadelphia,United States,"Philadelphia , United States",39.9525839,-75.1652215,4,"Jackson , United States",United States,32.2987573,-90.1848103,1798.0,16.0
FEMA,Philadelphia,United States,"Philadelphia , United States",39.9525839,-75.1652215,4,"Washington D.C. , United States",United States,38.9071923,-77.0368707,223.0,2.0
FEMA,Philadelphia,United States,"Philadelphia , United States",39.9525839,-75.1652215,4,"Baton Rouge , United States",United States,30.4582829,-91.1403196,2060.0,18.0
FEMA,Philadelphia,United States,"Philadelphia , United States",39.9525839,-75.1652215,4,"Richmond , United States",United States,37.5407246,-77.4360481,400.0,4.0
FEMA,Philadelphia,United States,"Philadelphia , United States",39.9525839,-75.1652215,4,"Boston , United States",United States,42.3600825,-71.0588801,498.0,5.0
FEMA,Philadelphia,United States,"Philadelphia , United States",39.9525839,-75.1652215,4,"Hartford , United States",United States,41.7637111,-72.6850932,339.0,3.0
FEMA,Philadelphia,United States,"Philadelphia , United States",39.9525839,-75.1652215,4,"Providence , United States",United States,41.8239891,-71.4128343,445.0,4.0
FEMA,Philadelphia,United States,"Philadelphia , United States",39.9525839,-75.1652215,4,"Lincoln , United States",United States,40.8257625,-96.6851982,2030.0,18.0
FEMA,Philadelphia,United States,"Philadelphia , United States",39.9525839,-75.1652215,4,"Little Rock , United States",United States,34.7464809,-92.2895948,1853.0,17.0
FEMA,Philadelphia,United States,"Philadelphia , United States",39.9525839,-75.1652215,4,"Augusta , United States",United States,33.4734978,-82.0105148,1109.0,10.0
FEMA,Philadelphia,United States,"Philadelphia , United States",39.9525839,-75.1652215,4,"Columbia , United States",United States,34.0007104,-81.0348144,995.0,9.0
FEMA,Philadelphia,United States,"Philadelphia , United States",39.9525839,-75.1652215,4,"Lansing , United States",United States,42.732535,-84.5555347,1042.0,9.0
FEMA,Philadelphia,United States,"Philadelphia , United States",39.9525839,-75.1652215,4,"Cheyenne , United States",United States,41.1399814,-104.8202462,2742.0,25.0
FEMA,Philadelphia,United States,"Philadelphia , United States",39.9525839,-75.1652215,4,"Indianapolis , United States",United States,39.768403,-86.158068,1036.0,9.0
FEMA,Philadelphia,United States,"Philadelphia , United States",39.9525839,-75.1652215,4,"Salt Lake City , United States",United States,40.7607793,-111.8910474,3446.0,31.0
FEMA,Philadelphia,United States,"Philadelphia , United States",39.9525839,-75.1652215,4,"None , United States",United States,34.1657949,-118.3462545,4369.0,39.0
FEMA,Philadelphia,United States,"Philadelphia , United States",39.9525839,-75.1652215,4,"Santa Fe , United States",United States,35.6869752,-105.937799,3086.0,28.0
